"authorMeta/avatar","authorMeta/digg","authorMeta/fans","authorMeta/following","authorMeta/friends","authorMeta/heart","authorMeta/id","authorMeta/name","authorMeta/nickName","authorMeta/originalAvatarUrl","authorMeta/privateAccount","authorMeta/profileUrl","authorMeta/signature","authorMeta/verified","authorMeta/video","collectCount","commentCount","commentsDatasetUrl","createTime","createTimeISO","diggCount","hashtags/0/cover","hashtags/0/id","hashtags/0/name","hashtags/0/title","hashtags/1/cover","hashtags/1/id","hashtags/1/name","hashtags/1/title","hashtags/2/cover","hashtags/2/id","hashtags/2/name","hashtags/2/title","hashtags/3/cover","hashtags/3/id","hashtags/3/name","hashtags/3/title","hashtags/4/cover","hashtags/4/id","hashtags/4/name","hashtags/4/title","hashtags/5/cover","hashtags/5/id","hashtags/5/name","hashtags/5/title","hashtags/6/cover","hashtags/6/id","hashtags/6/name","hashtags/6/title","hashtags/7/cover","hashtags/7/id","hashtags/7/name","hashtags/7/title","hashtags/8/cover","hashtags/8/id","hashtags/8/name","hashtags/8/title","hashtags/9/cover","hashtags/9/id","hashtags/9/name","hashtags/9/title","hashtags/10/cover","hashtags/10/id","hashtags/10/name","hashtags/10/title","hashtags/11/cover","hashtags/11/id","hashtags/11/name","hashtags/11/title","hashtags/12/cover","hashtags/12/id","hashtags/12/name","hashtags/12/title","id","isAd","isPinned","isSlideshow","musicMeta/coverMediumUrl","musicMeta/musicAlbum","musicMeta/musicAuthor","musicMeta/musicId","musicMeta/musicName","musicMeta/musicOriginal","musicMeta/originalCoverMediumUrl","musicMeta/playUrl","playCount","repostCount","searchQuery","shareCount","text","textLanguage","videoMeta/coverUrl","videoMeta/definition","videoMeta/duration","videoMeta/format","videoMeta/height","videoMeta/originalCoverUrl","videoMeta/subtitleLinks/0/downloadLink","videoMeta/subtitleLinks/0/language","videoMeta/subtitleLinks/0/source","videoMeta/subtitleLinks/0/sourceUnabbreviated","videoMeta/subtitleLinks/0/tiktokLink","videoMeta/subtitleLinks/0/version","videoMeta/transcriptionLink","videoMeta/width","webVideoUrl"
"https://p16-common-sign.tiktokcdn-us.com/tos-maliva-avt-0068/b75c112ab4b02e2e5cd7312292658a31~tplv-tiktokx-cropcenter:720:720.jpeg?dr=9640&refresh_token=538de225&x-expires=1776852000&x-signature=7Yv24y%2FfI%2BfxDOaVBFAUuox7BXY%3D&t=4d5b0474&ps=13740610&shp=a5d48078&shcp=81f88b70&idc=useast5","1410","147800","10","0","819000","7317927051771364357","abichusfan","Prime Minister Abiy Ahmed'sFan","https://p16-common-sign.tiktokcdn-us.com/tos-maliva-avt-0068/b75c112ab4b02e2e5cd7312292658a31~tplv-tiktokx-cropcenter:720:720.jpeg?dr=9640&refresh_token=538de225&x-expires=1776852000&x-signature=7Yv24y%2FfI%2BfxDOaVBFAUuox7BXY%3D&t=4d5b0474&ps=13740610&shp=a5d48078&shcp=81f88b70&idc=useast5","false","https://www.tiktok.com/@abichusfan","አብቹ የተሸከመው ሸክም ብዙ ስለመሆኑን እኛም ተረድተናል","false","145","100","11",,"1707248527","2024-02-06T19:42:07.000Z","534","","1292023","prosperity","","","7019433398405955586","oromotiktok❤️💚❤️ethiopiantiktok","","","1668580069208069","abiyahmedali","","","7024723442393939973","abiyahmedwin","","","1680206204530693","prosperityparty","","","7315131880683077637","abiyahmedalifans1🇪🇹✅","","","1669583347998726","amharatiktok","","","38209434","oromomusic","",,,,,,,,,,,,,,,,,,,,,"7332576573880634630","false","false","false","https://p16-common-sign.tiktokcdn-us.com/tos-maliva-avt-0068/b75c112ab4b02e2e5cd7312292658a31~tplv-tiktokx-cropcenter:720:720.jpeg?dr=9640&refresh_token=538de225&x-expires=1776852000&x-signature=7Yv24y%2FfI%2BfxDOaVBFAUuox7BXY%3D&t=4d5b0474&ps=13740610&shp=a5d48078&shcp=81f88b70&idc=useast5",,"Prime Minister Abiy Ahmed'sFan","7332576612268116741","original sound","true","https://p16-common-sign.tiktokcdn-us.com/tos-maliva-avt-0068/b75c112ab4b02e2e5cd7312292658a31~tplv-tiktokx-cropcenter:720:720.jpeg?dr=9640&refresh_token=538de225&x-expires=1776852000&x-signature=7Yv24y%2FfI%2BfxDOaVBFAUuox7BXY%3D&t=4d5b0474&ps=13740610&shp=a5d48078&shcp=81f88b70&idc=useast5","https://v16-webapp-prime.us.tiktok.com/video/tos/useast5/tos-useast5-v-27dcd7c799-tx/oYuwDfrXUE2JE5iiKAlQFBBCEOJoCAB5DBcAft/?a=1988&bti=ODszNWYuMDE6&ch=0&cr=0&dr=0&er=0&lr=default&cd=0%7C0%7C0%7C0&br=250&bt=125&ds=5&ft=GcAInInz7ThMqzyPXq8Zmo&mime_type=audio_mpeg&qs=13&rc=ajV2am85cjg7cTMzNzU8M0BpajV2am85cjg7cTMzNzU8M0BwMDRmMmRzay5gLS1kMTZzYSNwMDRmMmRzay5gLS1kMTZzcw%3D%3D&btag=e00050000&expire=1776700974&l=2026042010005562596EB0BC18F70D0956&ply_type=3&policy=3&signature=30d032663902888d7316a8533535be0e&tk=0","8729","0","((""Ethiopia"" OR ""Ethiopian"" OR ""ኢትዮጵያ"" OR ""Abiy Ahmed"" OR ""Prosperity Party"")AND (""2026 election"" OR ""2018 election"" OR ""ምርጫ"" OR ""2018 ምርጫ"" OR ""ballot"" OR ""polling"" OR ""NEBE"" OR ""National Election Board"" OR ""fraud"" OR ""irregularit*"" OR ""protest"" OR ""demonstration"" OR ""clash*"" OR ""arrest"" OR ""detain"" OR ""hate speech"" OR ""incitement"" OR ""ethnic tension"" OR ""tribalism""  OR FANO OR Amhara OR tigray OR ""war"" OR ""conflict"" OR ""militia""))","57","#prosperity #oromotiktok❤️💚❤️ethiopiantiktok #abiyahmedali #abiyahmedwin #prosperityparty #abiyahmedalifans1🇪🇹✅ #amharatiktok #oromomusic ","un","https://p16-common-sign.tiktokcdn-us.com/tos-maliva-p-0068/okEZCcimiP9iK1BIA0C8QEB3KUSCAMZpF4VlS~tplv-tiktokx-origin.image?dr=9636&x-expires=1776852000&x-signature=m8LbMicwfTWRFqKPJLAIzSs%2B7s8%3D&t=4d5b0474&ps=13740610&shp=81f88b70&shcp=43f4a2f9&idc=useast5","540p","118","mp4","1024","https://p16-common-sign.tiktokcdn-us.com/tos-maliva-p-0068/okEZCcimiP9iK1BIA0C8QEB3KUSCAMZpF4VlS~tplv-tiktokx-origin.image?dr=9636&x-expires=1776852000&x-signature=m8LbMicwfTWRFqKPJLAIzSs%2B7s8%3D&t=4d5b0474&ps=13740610&shp=81f88b70&shcp=43f4a2f9&idc=useast5",,,,,,,,"576","https://www.tiktok.com/@abichusfan/video/7332576573880634630"
"https://p16-common-sign.tiktokcdn-us.com/tos-maliva-avt-0068/515480b5530f2280ad2651f516031974~tplv-tiktokx-cropcenter:720:720.jpeg?dr=9640&refresh_token=b79e75e6&x-expires=1776852000&x-signature=qXNtXQ9rdLZ7%2FEd%2B09Dw77JFkRk%3D&t=4d5b0474&ps=13740610&shp=a5d48078&shcp=81f88b70&idc=useast5","14","453800","3","0","3500000","7385106018831057926","prosperity.media8","PROSPERITY MEDIA | ብልፅግና ሚዲያ","https://p16-common-sign.tiktokcdn-us.com/tos-maliva-avt-0068/515480b5530f2280ad2651f516031974~tplv-tiktokx-cropcenter:720:720.jpeg?dr=9640&refresh_token=b79e75e6&x-expires=1776852000&x-signature=qXNtXQ9rdLZ7%2FEd%2B09Dw77JFkRk%3D&t=4d5b0474&ps=13740610&shp=a5d48078&shcp=81f88b70&idc=useast5","false","https://www.tiktok.com/@prosperity.media8","MEDIA","false","1718","114","29",,"1745248407","2025-04-21T15:13:27.000Z","1105","","186914","ethiopia","","","1064272","eth","","","1668580069208069","abiyahmedali","","","1643755326672901","abiyahmed","","","14970103","abiy","","","1292023","prosperity","","","1617668300402689","🇪🇹","","","1653063247063045","adissababa","","","1669503535244293","🇪🇹🇪🇹🇪🇹🇪🇹🇪🇹🇪🇹ኢትዮጵያ","","","1689762002612230","ethiopian_tik_tok🇪🇹🇪🇹🇪🇹🇪🇹🇪🇹","","","1680206204530693","prosperityparty","",,,,,,,,,"7495784804030500101","false","false","false","https://p16-common-sign.tiktokcdn-us.com/tos-alisg-v-2774/ogU8BEfDQIzRZ4mtveJgBNaHoBsC4ErAFAAFIg~tplv-tiktokx-cropcenter:200:200.jpeg?dr=9640&refresh_token=368e9f38&x-expires=1776700800&x-signature=quGX%2FbrTYM4voI9zmx%2BN9SaWYtA%3D&t=4d5b0474&ps=13740610&shp=08d74b56&shcp=81f88b70&idc=useast5","good kid, m.A.A.d city - Deluxe","Kendrick Lamar","6753487809195018242","Money Trees","false","https://p16-common-sign.tiktokcdn-us.com/tos-alisg-v-2774/ogU8BEfDQIzRZ4mtveJgBNaHoBsC4ErAFAAFIg~tplv-tiktokx-cropcenter:200:200.jpeg?dr=9640&refresh_token=368e9f38&x-expires=1776700800&x-signature=quGX%2FbrTYM4voI9zmx%2BN9SaWYtA%3D&t=4d5b0474&ps=13740610&shp=08d74b56&shcp=81f88b70&idc=useast5",,"36500","0","((""Ethiopia"" OR ""Ethiopian"" OR ""ኢትዮጵያ"" OR ""Abiy Ahmed"" OR ""Prosperity Party"")AND (""2026 election"" OR ""2018 election"" OR ""ምርጫ"" OR ""2018 ምርጫ"" OR ""ballot"" OR ""polling"" OR ""NEBE"" OR ""National Election Board"" OR ""fraud"" OR ""irregularit*"" OR ""protest"" OR ""demonstration"" OR ""clash*"" OR ""arrest"" OR ""detain"" OR ""hate speech"" OR ""incitement"" OR ""ethnic tension"" OR ""tribalism""  OR FANO OR Amhara OR tigray OR ""war"" OR ""conflict"" OR ""militia""))","113","#ETHIOPIA #Eth #ABIYAHMEDALI #ABIYAHMED #ABIY #PROSPERITY #🇪🇹 #ADISSABABA #🇪🇹🇪🇹🇪🇹🇪🇹🇪🇹🇪🇹ኢትዮጵያ #ethiopian_tik_tok🇪🇹🇪🇹🇪🇹🇪🇹🇪🇹 #prosperityparty ","un","https://p16-common-sign.tiktokcdn-us.com/tos-maliva-p-0068/ogQfDe0vGCqQLfhENiI7u9ghoCSgmELgCMrh4A~tplv-tiktokx-origin.image?dr=9636&x-expires=1776852000&x-signature=Ah3lkUb5ZXPuq%2FsQ8TT8XpWO0lE%3D&t=4d5b0474&ps=13740610&shp=81f88b70&shcp=43f4a2f9&idc=useast5","540p","148","mp4","1024","https://p16-common-sign.tiktokcdn-us.com/tos-maliva-p-0068/ogQfDe0vGCqQLfhENiI7u9ghoCSgmELgCMrh4A~tplv-tiktokx-origin.image?dr=9636&x-expires=1776852000&x-signature=Ah3lkUb5ZXPuq%2FsQ8TT8XpWO0lE%3D&t=4d5b0474&ps=13740610&shp=81f88b70&shcp=43f4a2f9&idc=useast5","https://v16m-webapp.tiktokcdn-us.com/89c93d3faccf978db122762e6d28ad0c/69e89cec/video/tos/useast2a/tos-useast2a-v-0068/dee3d4f6be584e25b21ee7cd8b1f2e6a/?a=1988&bti=ODszNWYuMDE6&&bt=3245&ft=4KLMeMzm8Zmo0NjZvx4jVrLrdpWrKsd.&mime_type=video_mp4&rc=anc0dGo5cjRxNDMzNzgzM0Bpanc0dGo5cjRxNDMzNzgzM0AtMnNoMmRrYjVhLS1kLzZzYSMtMnNoMmRrYjVhLS1kLzZzcw%3D%3D&l=2026042010005562596EB0BC18F70D0956&btag=e00050000","eng-US","ASR","automatic speech recognition","https://v16m-webapp.tiktokcdn-us.com/89c93d3faccf978db122762e6d28ad0c/69e89cec/video/tos/useast2a/tos-useast2a-v-0068/dee3d4f6be584e25b21ee7cd8b1f2e6a/?a=1988&bti=ODszNWYuMDE6&&bt=3245&ft=4KLMeMzm8Zmo0NjZvx4jVrLrdpWrKsd.&mime_type=video_mp4&rc=anc0dGo5cjRxNDMzNzgzM0Bpanc0dGo5cjRxNDMzNzgzM0AtMnNoMmRrYjVhLS1kLzZzYSMtMnNoMmRrYjVhLS1kLzZzcw%3D%3D&l=2026042010005562596EB0BC18F70D0956&btag=e00050000","1:big_caption",,"576","https://www.tiktok.com/@prosperity.media8/video/7495784804030500101"
"https://p16-common-sign.tiktokcdn-us.com/tos-alisg-avt-0068/e5809d52c28a50095d7fcf3102398cda~tplv-tiktokx-cropcenter:720:720.jpeg?dr=9640&refresh_token=b4afcde8&x-expires=1776852000&x-signature=8%2BsL9SlVHYNZuSxcGfWl%2Fqr78IE%3D&t=4d5b0474&ps=13740610&shp=a5d48078&shcp=81f88b70&idc=useast5","1326","2559","2073","0","2975","7321049956932174853","utopia9895","UTOPIA Digital","https://p16-common-sign.tiktokcdn-us.com/tos-alisg-avt-0068/e5809d52c28a50095d7fcf3102398cda~tplv-tiktokx-cropcenter:720:720.jpeg?dr=9640&refresh_token=b4afcde8&x-expires=1776852000&x-signature=8%2BsL9SlVHYNZuSxcGfWl%2Fqr78IE%3D&t=4d5b0474&ps=13740610&shp=a5d48078&shcp=81f88b70&idc=useast5","false","https://www.tiktok.com/@utopia9895","About Digital Technology","false","52","35","6",,"1771433406","2026-02-18T16:50:06.000Z","170","","1670550253345798","ethiopian_tik_tok🇪🇹🇪🇹🇪🇹🇪🇹","","","229207","fyp","","","1642746242840582","oromotiktok","","","85133","viralvideo","","","1643755326672901","abiyahmed","",,,,,,,,,,,,,,,,,,,,,,,,,,,,,,,,,"7608248525050400008","false","false","false","https://p16-common.tiktokcdn-us.com/tos-alisg-v-2774/oMyUuAircYGAdAKiAWBBb4rPiZA3Al7iEiEE7~tplv-tiktokx-cropcenter:200:200.jpeg?dr=9584&t=4d5b0474&ps=933b5bde&shp=08d74b56&shcp=81f88b70&idc=useast5","Cores Vivas","Saymon Cleiton","7216794921410234370","Obluezdots","false","https://p16-common.tiktokcdn-us.com/tos-alisg-v-2774/oMyUuAircYGAdAKiAWBBb4rPiZA3Al7iEiEE7~tplv-tiktokx-cropcenter:200:200.jpeg?dr=9584&t=4d5b0474&ps=933b5bde&shp=08d74b56&shcp=81f88b70&idc=useast5","https://sf19.tiktokcdn-us.com/obj/tos-alisg-ve-2774/o0IAoCzaQDFeEYiogM6A2e5wgCLwBnqGJe63HU","3709","0","((""Ethiopia"" OR ""Ethiopian"" OR ""ኢትዮጵያ"" OR ""Abiy Ahmed"" OR ""Prosperity Party"")AND (""2026 election"" OR ""2018 election"" OR ""ምርጫ"" OR ""2018 ምርጫ"" OR ""ballot"" OR ""polling"" OR ""NEBE"" OR ""National Election Board"" OR ""fraud"" OR ""irregularit*"" OR ""protest"" OR ""demonstration"" OR ""clash*"" OR ""arrest"" OR ""detain"" OR ""hate speech"" OR ""incitement"" OR ""ethnic tension"" OR ""tribalism""  OR FANO OR Amhara OR tigray OR ""war"" OR ""conflict"" OR ""militia""))","60","ጠቅላይ ሚኒስትር አብይ አህመድ የዛሬ የወለጋ ውሎ።

#ethiopian_tik_tok🇪🇹🇪🇹🇪🇹🇪🇹 #fyp #oromotiktok #viralvideo #AbiyAhmed ","am","https://p16-common-sign.tiktokcdn-us.com/tos-alisg-p-0037/oc79VidCiIaIwnyRvVfYn2NAIIsF0Bq3AD2cA5~tplv-tiktokx-origin.image?dr=9636&x-expires=1776852000&x-signature=l4xptXIO%2Fog%2B2nIxhuKk8vdrSuU%3D&t=4d5b0474&ps=13740610&shp=81f88b70&shcp=43f4a2f9&idc=useast5","540p","73","mp4","1024","https://p16-common-sign.tiktokcdn-us.com/tos-alisg-p-0037/oc79VidCiIaIwnyRvVfYn2NAIIsF0Bq3AD2cA5~tplv-tiktokx-origin.image?dr=9636&x-expires=1776852000&x-signature=l4xptXIO%2Fog%2B2nIxhuKk8vdrSuU%3D&t=4d5b0474&ps=13740610&shp=81f88b70&shcp=43f4a2f9&idc=useast5",,,,,,,,"576","https://www.tiktok.com/@utopia9895/video/7608248525050400008"
"https://p16-common-sign.tiktokcdn-us.com/tos-alisg-avt-0068/146005c910c544a5b3d0107b8aa3971c~tplv-tiktokx-cropcenter:720:720.jpeg?dr=9640&refresh_token=82566564&x-expires=1776852000&x-signature=SwBzLqVEUt1SP9HO2ZVGLjy1EwM%3D&t=4d5b0474&ps=13740610&shp=a5d48078&shcp=81f88b70&idc=useast5","373","1200000","1","0","16200000","7030629813992719365","ebc_tiktok","EBC News","https://p16-common-sign.tiktokcdn-us.com/tos-alisg-avt-0068/146005c910c544a5b3d0107b8aa3971c~tplv-tiktokx-cropcenter:720:720.jpeg?dr=9640&refresh_token=82566564&x-expires=1776852000&x-signature=SwBzLqVEUt1SP9HO2ZVGLjy1EwM%3D&t=4d5b0474&ps=13740610&shp=a5d48078&shcp=81f88b70&idc=useast5","false","https://www.tiktok.com/@ebc_tiktok","Youtube 
https://youtube.com/c/EBCworld 
https://t.me/EBCNEWSNOW","true","5334","1700","249",,"1771429849","2026-02-18T15:50:49.000Z","15500",,,,,,,,,,,,,,,,,,,,,,,,,,,,,,,,,,,,,,,,,,,,,,,,,,,,,"7608233231720271122","false","false","false","https://p16-common-sign.tiktokcdn-us.com/tos-alisg-avt-0068/146005c910c544a5b3d0107b8aa3971c~tplv-tiktokx-cropcenter:720:720.jpeg?dr=9640&refresh_token=82566564&x-expires=1776852000&x-signature=SwBzLqVEUt1SP9HO2ZVGLjy1EwM%3D&t=4d5b0474&ps=13740610&shp=a5d48078&shcp=81f88b70&idc=useast5",,"EBC News","7608233340426013456","original sound - EBC News","true","https://p16-common-sign.tiktokcdn-us.com/tos-alisg-avt-0068/146005c910c544a5b3d0107b8aa3971c~tplv-tiktokx-cropcenter:720:720.jpeg?dr=9640&refresh_token=82566564&x-expires=1776852000&x-signature=SwBzLqVEUt1SP9HO2ZVGLjy1EwM%3D&t=4d5b0474&ps=13740610&shp=a5d48078&shcp=81f88b70&idc=useast5","https://v16-webapp-prime.us.tiktok.com/video/tos/alisg/tos-alisg-v-27dcd7/oUmLsQFyQ1mAkfGDiecfrY3vmeqvGGvTVgIAJG/?a=1988&bti=ODszNWYuMDE6&ch=0&cr=0&dr=0&er=0&lr=default&cd=0%7C0%7C0%7C0&br=250&bt=125&ft=GcAInInz7ThMqzyPXq8Zmo&mime_type=audio_mpeg&qs=6&rc=NmlpPDg7MzhkOzRnPDY0ZUBpM215cnE5cnJ3OTMzODU8NEAxXjU2YjRhXl4xMV4tMDQzYSNfZm40MmRjc15hLS1kMS1zcw%3D%3D&btag=e00098000&expire=1776701074&l=2026042010005562596EB0BC18F70D0956&ply_type=3&policy=3&signature=31e4b0b05ca6f05dedaca0466ecf93b5&tk=0","367200","0","((""Ethiopia"" OR ""Ethiopian"" OR ""ኢትዮጵያ"" OR ""Abiy Ahmed"" OR ""Prosperity Party"")AND (""2026 election"" OR ""2018 election"" OR ""ምርጫ"" OR ""2018 ምርጫ"" OR ""ballot"" OR ""polling"" OR ""NEBE"" OR ""National Election Board"" OR ""fraud"" OR ""irregularit*"" OR ""protest"" OR ""demonstration"" OR ""clash*"" OR ""arrest"" OR ""detain"" OR ""hate speech"" OR ""incitement"" OR ""ethnic tension"" OR ""tribalism""  OR FANO OR Amhara OR tigray OR ""war"" OR ""conflict"" OR ""militia""))","1704","ጠቅላይ ሚኒስትር ዐቢይ አሕመድ (ዶ/ር) ነቀምት ከተማ ሲገቡ የተደረገላቸው ደማቅ አቀባበል | Nekemte | PM Abiy Ahmed | Public Reception | Ethiopia |

​#Ethiopia #Nekemte #PmAbiyAhmed #PublicReception #Oromia #DevelopmentVisit #Peace #Unity","am","https://p16-common-sign.tiktokcdn-us.com/tos-alisg-p-0037/owek5AfQplIA53VCClgcEPiiduAZApV0BVBdC2~tplv-tiktokx-origin.image?dr=9636&x-expires=1776852000&x-signature=%2BNr17QVkUyJu9mZXREWuWz%2FsfUA%3D&t=4d5b0474&ps=13740610&shp=81f88b70&shcp=43f4a2f9&idc=useast5","1080p","218","mp4","1920","https://p16-common-sign.tiktokcdn-us.com/tos-alisg-p-0037/owek5AfQplIA53VCClgcEPiiduAZApV0BVBdC2~tplv-tiktokx-origin.image?dr=9636&x-expires=1776852000&x-signature=%2BNr17QVkUyJu9mZXREWuWz%2FsfUA%3D&t=4d5b0474&ps=13740610&shp=81f88b70&shcp=43f4a2f9&idc=useast5",,,,,,,,"1080","https://www.tiktok.com/@ebc_tiktok/video/7608233231720271122"
"https://p16-common-sign.tiktokcdn-us.com/tos-alisg-avt-0068/9826cf6ea545918ee8e3d0dbae54f5f7~tplv-tiktokx-cropcenter:720:720.jpeg?dr=9640&refresh_token=5121d229&x-expires=1776852000&x-signature=JDvj8jQ0e3kxvC1o82DCj%2F5imYo%3D&t=4d5b0474&ps=13740610&shp=a5d48078&shcp=81f88b70&idc=useast5","694","48900","24","0","236900","7439259618804745271","abdiiluu430","Abdi Iluu","https://p16-common-sign.tiktokcdn-us.com/tos-alisg-avt-0068/9826cf6ea545918ee8e3d0dbae54f5f7~tplv-tiktokx-cropcenter:720:720.jpeg?dr=9640&refresh_token=5121d229&x-expires=1776852000&x-signature=JDvj8jQ0e3kxvC1o82DCj%2F5imYo%3D&t=4d5b0474&ps=13740610&shp=a5d48078&shcp=81f88b70&idc=useast5","false","https://www.tiktok.com/@abdiiluu430","@Abdi Iluu","false","77","7351","2210",,"1751918225","2025-07-07T19:57:05.000Z","48000","","229207","fyp","","","1643755326672901","abiyahmed","","","186914","ethiopia","","","8234492","brics","","","30767","breakingnews","","","1661335514860550","ethiopian_tik_tok","",,,,,,,,,,,,,,,,,,,,,,,,,,,,,"7524431454202367288","false","false","false","https://p16-common-sign.tiktokcdn-us.com/tos-alisg-avt-0068/9826cf6ea545918ee8e3d0dbae54f5f7~tplv-tiktokx-cropcenter:720:720.jpeg?dr=9640&refresh_token=5121d229&x-expires=1776852000&x-signature=JDvj8jQ0e3kxvC1o82DCj%2F5imYo%3D&t=4d5b0474&ps=13740610&shp=a5d48078&shcp=81f88b70&idc=useast5",,"Abdi Iluu","7524431464566721286","original sound","true","https://p16-common-sign.tiktokcdn-us.com/tos-alisg-avt-0068/9826cf6ea545918ee8e3d0dbae54f5f7~tplv-tiktokx-cropcenter:720:720.jpeg?dr=9640&refresh_token=5121d229&x-expires=1776852000&x-signature=JDvj8jQ0e3kxvC1o82DCj%2F5imYo%3D&t=4d5b0474&ps=13740610&shp=a5d48078&shcp=81f88b70&idc=useast5","https://v16-webapp-prime.us.tiktok.com/video/tos/useast5/tos-useast5-v-27dcd7c799-tx/oA2sUfaEAHJjAEREDBFoCJBDQUJHAB6pfCbUz5/?a=1988&bti=ODszNWYuMDE6&ch=0&cr=0&dr=0&er=0&lr=default&cd=0%7C0%7C0%7C0&br=250&bt=125&ds=5&ft=GcAInInz7ThMqzyPXq8Zmo&mime_type=audio_mpeg&qs=13&rc=M3Bpa3Y5cjg1NDMzNzU8M0BpM3Bpa3Y5cjg1NDMzNzU8M0BeNHBzMmQ0YWphLS1kMTZzYSNeNHBzMmQ0YWphLS1kMTZzcw%3D%3D&btag=e00050000&expire=1776700973&l=2026042010005562596EB0BC18F70D0956&ply_type=3&policy=3&signature=f08eeda485cc9e64f9c6a0ed73dcac5f&tk=0","667700","0","((""Ethiopia"" OR ""Ethiopian"" OR ""ኢትዮጵያ"" OR ""Abiy Ahmed"" OR ""Prosperity Party"")AND (""2026 election"" OR ""2018 election"" OR ""ምርጫ"" OR ""2018 ምርጫ"" OR ""ballot"" OR ""polling"" OR ""NEBE"" OR ""National Election Board"" OR ""fraud"" OR ""irregularit*"" OR ""protest"" OR ""demonstration"" OR ""clash*"" OR ""arrest"" OR ""detain"" OR ""hate speech"" OR ""incitement"" OR ""ethnic tension"" OR ""tribalism""  OR FANO OR Amhara OR tigray OR ""war"" OR ""conflict"" OR ""militia""))","5518","prime minster Abiy Ahimad speech on brics group #fyp #abiyahmed #ethiopia #BRICS #breakingnews #ethiopian_tik_tok ","en","https://p16-common-sign.tiktokcdn-us.com/tos-maliva-p-0068/os8wISITfDARTAc28EFjCjQBrIogpCi2QFfeYE~tplv-tiktokx-origin.image?dr=9636&x-expires=1776852000&x-signature=ekaXGn2%2FAClm7ut419PcShiH4v4%3D&t=4d5b0474&ps=13740610&shp=81f88b70&shcp=43f4a2f9&idc=useast5","540p","119","mp4","1024","https://p16-common-sign.tiktokcdn-us.com/tos-maliva-p-0068/os8wISITfDARTAc28EFjCjQBrIogpCi2QFfeYE~tplv-tiktokx-origin.image?dr=9636&x-expires=1776852000&x-signature=ekaXGn2%2FAClm7ut419PcShiH4v4%3D&t=4d5b0474&ps=13740610&shp=81f88b70&shcp=43f4a2f9&idc=useast5","https://v16m-webapp.tiktokcdn-us.com/cc3a3a2c4ea9d986df6b4dcd1fc748b0/69e89ccf/video/tos/useast2a/tos-useast2a-v-0068/b3033cab0abf4eb5b6456abd127264ad/?a=1988&bti=ODszNWYuMDE6&&bt=3489&ft=4KLMeMzm8Zmo0NjZvx4jVrLrdpWrKsd.&mime_type=video_mp4&rc=M25lcms5cjo1NDMzNzczM0BpM25lcms5cjo1NDMzNzczM0BmNS1oMmRzYGphLS1kMTZzYSNmNS1oMmRzYGphLS1kMTZzcw%3D%3D&l=2026042010005562596EB0BC18F70D0956&btag=e00058000","eng-US","ASR","automatic speech recognition","https://v16m-webapp.tiktokcdn-us.com/cc3a3a2c4ea9d986df6b4dcd1fc748b0/69e89ccf/video/tos/useast2a/tos-useast2a-v-0068/b3033cab0abf4eb5b6456abd127264ad/?a=1988&bti=ODszNWYuMDE6&&bt=3489&ft=4KLMeMzm8Zmo0NjZvx4jVrLrdpWrKsd.&mime_type=video_mp4&rc=M25lcms5cjo1NDMzNzczM0BpM25lcms5cjo1NDMzNzczM0BmNS1oMmRzYGphLS1kMTZzYSNmNS1oMmRzYGphLS1kMTZzcw%3D%3D&l=2026042010005562596EB0BC18F70D0956&btag=e00058000","1:big_caption",,"576","https://www.tiktok.com/@abdiiluu430/video/7524431454202367288"
"https://p16-common-sign.tiktokcdn-us.com/tos-maliva-avt-0068/515480b5530f2280ad2651f516031974~tplv-tiktokx-cropcenter:720:720.jpeg?dr=9640&refresh_token=b79e75e6&x-expires=1776852000&x-signature=qXNtXQ9rdLZ7%2FEd%2B09Dw77JFkRk%3D&t=4d5b0474&ps=13740610&shp=a5d48078&shcp=81f88b70&idc=useast5","14","453800","3","0","3500000","7385106018831057926","prosperity.media8","PROSPERITY MEDIA | ብልፅግና ሚዲያ","https://p16-common-sign.tiktokcdn-us.com/tos-maliva-avt-0068/515480b5530f2280ad2651f516031974~tplv-tiktokx-cropcenter:720:720.jpeg?dr=9640&refresh_token=b79e75e6&x-expires=1776852000&x-signature=qXNtXQ9rdLZ7%2FEd%2B09Dw77JFkRk%3D&t=4d5b0474&ps=13740610&shp=a5d48078&shcp=81f88b70&idc=useast5","false","https://www.tiktok.com/@prosperity.media8","MEDIA","false","1718","3263","450",,"1747553642","2025-05-18T07:34:02.000Z","19200","","1668580069208069","abiyahmedali","","","1643755326672901","abiyahmed","","","14970103","abiy","","","186914","ethiopia","","","1064272","eth","","","1617668300402689","🇪🇹","","","1292023","prosperity","","","1653063247063045","adissababa","","","1669503535244293","🇪🇹🇪🇹🇪🇹🇪🇹🇪🇹🇪🇹ኢትዮጵያ","","","1683681901699074","ethiopian_tik_tok🇪🇹🇪🇹🇪🇹🇪🇹ሀገሬ","","","1680206204530693","prosperityparty","","","186914","ethiopia","","","1661335514860550","ethiopian_tik_tok","","7505685691402030342","false","false","false","https://p16-common-sign.tiktokcdn-us.com/tos-maliva-avt-0068/515480b5530f2280ad2651f516031974~tplv-tiktokx-cropcenter:720:720.jpeg?dr=9640&refresh_token=b79e75e6&x-expires=1776852000&x-signature=qXNtXQ9rdLZ7%2FEd%2B09Dw77JFkRk%3D&t=4d5b0474&ps=13740610&shp=a5d48078&shcp=81f88b70&idc=useast5",,"PROSPERITY MEDIA | ብልፅግና ሚዲያ","7505686144437570309","original sound","true","https://p16-common-sign.tiktokcdn-us.com/tos-maliva-avt-0068/515480b5530f2280ad2651f516031974~tplv-tiktokx-cropcenter:720:720.jpeg?dr=9640&refresh_token=b79e75e6&x-expires=1776852000&x-signature=qXNtXQ9rdLZ7%2FEd%2B09Dw77JFkRk%3D&t=4d5b0474&ps=13740610&shp=a5d48078&shcp=81f88b70&idc=useast5","https://v16-webapp-prime.us.tiktok.com/video/tos/useast5/tos-useast5-v-27dcd7c799-tx/oAijA5KiAcCkNcalESmUzvvB8AEBAmQpBpCHA/?a=1988&bti=ODszNWYuMDE6&ch=0&cr=0&dr=0&er=0&lr=default&cd=0%7C0%7C0%7C0&br=250&bt=125&ds=5&ft=GcAInInz7ThMqzyPXq8Zmo&mime_type=audio_mpeg&qs=13&rc=MzQ5NHY5cm1yMzMzNzU8M0BpMzQ5NHY5cm1yMzMzNzU8M0BnNXEyMmRrb2hhLS1kMTZzYSNnNXEyMmRrb2hhLS1kMTZzcw%3D%3D&btag=e00060000&expire=1776701194&l=2026042010005562596EB0BC18F70D0956&ply_type=3&policy=3&signature=7e59eeb83e5e9ba4c6cb5a40ae4b249d&tk=0","443100","0","((""Ethiopia"" OR ""Ethiopian"" OR ""ኢትዮጵያ"" OR ""Abiy Ahmed"" OR ""Prosperity Party"")AND (""2026 election"" OR ""2018 election"" OR ""ምርጫ"" OR ""2018 ምርጫ"" OR ""ballot"" OR ""polling"" OR ""NEBE"" OR ""National Election Board"" OR ""fraud"" OR ""irregularit*"" OR ""protest"" OR ""demonstration"" OR ""clash*"" OR ""arrest"" OR ""detain"" OR ""hate speech"" OR ""incitement"" OR ""ethnic tension"" OR ""tribalism""  OR FANO OR Amhara OR tigray OR ""war"" OR ""conflict"" OR ""militia""))","3421","#ABIYAHMEDALI #ABIYAHMED #ABIY #ETHIOPIA #Eth #🇪🇹 #PROSPERITY #ADISSABABA #🇪🇹🇪🇹🇪🇹🇪🇹🇪🇹🇪🇹ኢትዮጵያ #ethiopian_tik_tok🇪🇹🇪🇹🇪🇹🇪🇹ሀገሬ #prosperityparty #ethiopia #ethiopian_tik_tok ","un","https://p19-common-sign.tiktokcdn-us.com/tos-maliva-p-0068/oIIKDfxpEEFJIWjoPCoQFBmpE8RYA3cesBgCGk~tplv-tiktokx-origin.image?dr=9636&x-expires=1776852000&x-signature=tpMcuclCKzUwBNCQp1ed5DbrQpQ%3D&t=4d5b0474&ps=13740610&shp=81f88b70&shcp=43f4a2f9&idc=useast5","540p","338","mp4","1024","https://p19-common-sign.tiktokcdn-us.com/tos-maliva-p-0068/oIIKDfxpEEFJIWjoPCoQFBmpE8RYA3cesBgCGk~tplv-tiktokx-origin.image?dr=9636&x-expires=1776852000&x-signature=tpMcuclCKzUwBNCQp1ed5DbrQpQ%3D&t=4d5b0474&ps=13740610&shp=81f88b70&shcp=43f4a2f9&idc=useast5",,,,,,,,"576","https://www.tiktok.com/@prosperity.media8/video/7505685691402030342"
"https://p16-common-sign.tiktokcdn-us.com/tos-useast2a-avt-0068-euttp/c872a6901432d8d80fcac9557d9888b6~tplv-tiktokx-cropcenter:720:720.jpeg?dr=9640&refresh_token=ccb94ba9&x-expires=1776852000&x-signature=Mt2eWNOELJ4rNtKizTZsSDnK5XU%3D&t=4d5b0474&ps=13740610&shp=a5d48078&shcp=81f88b70&idc=useast5","3384","25400","370","0","94000","6769312829662970886","lomi.media369","Lomi Media ሎሚ ሚድያ","https://p16-common-sign.tiktokcdn-us.com/tos-useast2a-avt-0068-euttp/c872a6901432d8d80fcac9557d9888b6~tplv-tiktokx-cropcenter:720:720.jpeg?dr=9640&refresh_token=ccb94ba9&x-expires=1776852000&x-signature=Mt2eWNOELJ4rNtKizTZsSDnK5XU%3D&t=4d5b0474&ps=13740610&shp=a5d48078&shcp=81f88b70&idc=useast5","false","https://www.tiktok.com/@lomi.media369","😇🪽▫️👇▫️♥️✅","false","73","147","13",,"1772022055","2026-02-25T12:20:55.000Z","927","","97926","habesha","","","62802543","amhara","","","16429884","fano","","","1699434909971461","lomimedia","","","1657953122589702","ethiopiannews","",,,"",,,,,,,,,,,,,,,,,,,,,,,,,,,,,,"7610776690356210977","false","false","false","https://p16-common-sign.tiktokcdn-us.com/tos-useast2a-avt-0068-euttp/c872a6901432d8d80fcac9557d9888b6~tplv-tiktokx-cropcenter:720:720.jpeg?dr=9640&refresh_token=ccb94ba9&x-expires=1776852000&x-signature=Mt2eWNOELJ4rNtKizTZsSDnK5XU%3D&t=4d5b0474&ps=13740610&shp=a5d48078&shcp=81f88b70&idc=useast5",,"Lomi Media ሎሚ ሚድያ","7610776804814490400","original sound","true","https://p16-common-sign.tiktokcdn-us.com/tos-useast2a-avt-0068-euttp/c872a6901432d8d80fcac9557d9888b6~tplv-tiktokx-cropcenter:720:720.jpeg?dr=9640&refresh_token=ccb94ba9&x-expires=1776852000&x-signature=Mt2eWNOELJ4rNtKizTZsSDnK5XU%3D&t=4d5b0474&ps=13740610&shp=a5d48078&shcp=81f88b70&idc=useast5","https://v16-webapp-prime.us.tiktok.com/video/tos/useast2a/tos-useast2a-v-2370-euttp/ocEDkTDJFDuqn6ekzJ9kCBHUvrcQYmgfQpuIME/?a=1988&bti=ODszNWYuMDE6&ch=0&cr=0&dr=0&er=0&lr=default&cd=0%7C0%7C0%7C0&br=250&bt=125&ft=GcAInInz7ThMqzyPXq8Zmo&mime_type=audio_mpeg&qs=6&rc=ZTtnZzdlO2hmODMzZ2czOEBpM3Fyc285cmRoOTMzZjU8NUAuNF4tNWM2XjAxNi40LWI0YSM2NC5vMmRrZmNhLS1kMTNzcw%3D%3D&btag=e00090000&expire=1776700980&l=2026042010005562596EB0BC18F70D0956&ply_type=3&policy=3&signature=32ea4a963989b334fbda14b4efb44924&tk=0","67900","0","((""Ethiopia"" OR ""Ethiopian"" OR ""ኢትዮጵያ"" OR ""Abiy Ahmed"" OR ""Prosperity Party"")AND (""2026 election"" OR ""2018 election"" OR ""ምርጫ"" OR ""2018 ምርጫ"" OR ""ballot"" OR ""polling"" OR ""NEBE"" OR ""National Election Board"" OR ""fraud"" OR ""irregularit*"" OR ""protest"" OR ""demonstration"" OR ""clash*"" OR ""arrest"" OR ""detain"" OR ""hate speech"" OR ""incitement"" OR ""ethnic tension"" OR ""tribalism""  OR FANO OR Amhara OR tigray OR ""war"" OR ""conflict"" OR ""militia""))","244","Ethiopia news, Amhara Fano, Abiy Ahmed, Arega Kebede, Ethiopian politics, Tigray conflict, Eritrea Ethiopia war, Lomi Media, Ethiopian breaking news, Amhara region news, Fano latest news, Ethiopia current events, Ethiopian economy, TPLF, Prosperity Party
​#habesha #Amhara #Fano #LomiMedia #EthiopianNews @Lomi Media ሎሚ-ሚድያ ","en","https://p16-common-sign.tiktokcdn-us.com/tos-useast2a-p-0037-euttp/owBXA0NnJFcE1EuDIpED7kfQQXfuQiKODm9QDR~tplv-tiktokx-origin.image?dr=9636&x-expires=1776852000&x-signature=rPpF2Plq6Oa3C3%2F5UL47F5qg0TA%3D&t=4d5b0474&ps=13740610&shp=81f88b70&shcp=43f4a2f9&idc=useast5","540p","124","mp4","1024","https://p16-common-sign.tiktokcdn-us.com/tos-useast2a-p-0037-euttp/owBXA0NnJFcE1EuDIpED7kfQQXfuQiKODm9QDR~tplv-tiktokx-origin.image?dr=9636&x-expires=1776852000&x-signature=rPpF2Plq6Oa3C3%2F5UL47F5qg0TA%3D&t=4d5b0474&ps=13740610&shp=81f88b70&shcp=43f4a2f9&idc=useast5",,,,,,,,"576","https://www.tiktok.com/@lomi.media369/video/7610776690356210977"
"https://p16-common-sign.tiktokcdn-us.com/tos-maliva-avt-0068/515480b5530f2280ad2651f516031974~tplv-tiktokx-cropcenter:720:720.jpeg?dr=9640&refresh_token=b79e75e6&x-expires=1776852000&x-signature=qXNtXQ9rdLZ7%2FEd%2B09Dw77JFkRk%3D&t=4d5b0474&ps=13740610&shp=a5d48078&shcp=81f88b70&idc=useast5","14","453800","3","0","3500000","7385106018831057926","prosperity.media8","PROSPERITY MEDIA | ብልፅግና ሚዲያ","https://p16-common-sign.tiktokcdn-us.com/tos-maliva-avt-0068/515480b5530f2280ad2651f516031974~tplv-tiktokx-cropcenter:720:720.jpeg?dr=9640&refresh_token=b79e75e6&x-expires=1776852000&x-signature=qXNtXQ9rdLZ7%2FEd%2B09Dw77JFkRk%3D&t=4d5b0474&ps=13740610&shp=a5d48078&shcp=81f88b70&idc=useast5","false","https://www.tiktok.com/@prosperity.media8","MEDIA","false","1718","3522","1068",,"1752730004","2025-07-17T05:26:44.000Z","25800","","186914","ethiopia","","","1064272","eth","","","1617668300402689","🇪🇹","","","1668580069208069","abiyahmedali","","","1643755326672901","abiyahmed","","","14970103","abiy","","","1292023","prosperity","","","1669503535244293","🇪🇹🇪🇹🇪🇹🇪🇹🇪🇹🇪🇹ኢትዮጵያ","","","1670550253345798","ethiopian_tik_tok🇪🇹🇪🇹🇪🇹🇪🇹","","","186914","ethiopia","","","1661335514860550","ethiopian_tik_tok","",,,,,,,,,"7527917924888169733","false","false","false","https://p16-common-sign.tiktokcdn-us.com/tos-maliva-avt-0068/515480b5530f2280ad2651f516031974~tplv-tiktokx-cropcenter:720:720.jpeg?dr=9640&refresh_token=b79e75e6&x-expires=1776852000&x-signature=qXNtXQ9rdLZ7%2FEd%2B09Dw77JFkRk%3D&t=4d5b0474&ps=13740610&shp=a5d48078&shcp=81f88b70&idc=useast5",,"PROSPERITY MEDIA | ብልፅግና ሚዲያ","7527918040634264326","original sound","true","https://p16-common-sign.tiktokcdn-us.com/tos-maliva-avt-0068/515480b5530f2280ad2651f516031974~tplv-tiktokx-cropcenter:720:720.jpeg?dr=9640&refresh_token=b79e75e6&x-expires=1776852000&x-signature=qXNtXQ9rdLZ7%2FEd%2B09Dw77JFkRk%3D&t=4d5b0474&ps=13740610&shp=a5d48078&shcp=81f88b70&idc=useast5","https://v16-webapp-prime.us.tiktok.com/video/tos/useast5/tos-useast5-v-27dcd7c799-tx/oIfQfTTDoVDe6xKEiEFmcIAzCcAkIgC6I7ASkE/?a=1988&bti=ODszNWYuMDE6&ch=0&cr=0&dr=0&er=0&lr=default&cd=0%7C0%7C0%7C0&br=250&bt=125&ds=5&ft=GcAInInz7ThMqzyPXq8Zmo&mime_type=audio_mpeg&qs=13&rc=M3duN3c5cjo7NDMzNzU8M0BpM3duN3c5cjo7NDMzNzU8M0BrZ2c2MmQ0Z3BhLS1kMTZzYSNrZ2c2MmQ0Z3BhLS1kMTZzcw%3D%3D&btag=e00058000&expire=1776701091&l=2026042010005562596EB0BC18F70D0956&ply_type=3&policy=3&signature=6f709f6e2e06fa129ee56a04eb0504ef&tk=0","1200000","0","((""Ethiopia"" OR ""Ethiopian"" OR ""ኢትዮጵያ"" OR ""Abiy Ahmed"" OR ""Prosperity Party"")AND (""2026 election"" OR ""2018 election"" OR ""ምርጫ"" OR ""2018 ምርጫ"" OR ""ballot"" OR ""polling"" OR ""NEBE"" OR ""National Election Board"" OR ""fraud"" OR ""irregularit*"" OR ""protest"" OR ""demonstration"" OR ""clash*"" OR ""arrest"" OR ""detain"" OR ""hate speech"" OR ""incitement"" OR ""ethnic tension"" OR ""tribalism""  OR FANO OR Amhara OR tigray OR ""war"" OR ""conflict"" OR ""militia""))","7080","#ETHIOPIA #ETH #🇪🇹 #ABIYAHMEDALI #ABIYAHMED #ABIY #PROSPERITY #🇪🇹🇪🇹🇪🇹🇪🇹🇪🇹🇪🇹ኢትዮጵያ #ethiopian_tik_tok🇪🇹🇪🇹🇪🇹🇪🇹 #ethiopia #ethiopian_tik_tok ","un","https://p16-common-sign.tiktokcdn-us.com/tos-maliva-p-0068/oMbRigAioIK1dIBoSWCPrPIEV6iVBfoAkZA0X4~tplv-tiktokx-origin.image?dr=9636&x-expires=1776852000&x-signature=5gU4Ur%2BmDXbl%2BHNA3fgp1Eo%2FBns%3D&t=4d5b0474&ps=13740610&shp=81f88b70&shcp=43f4a2f9&idc=useast5","540p","235","mp4","1024","https://p16-common-sign.tiktokcdn-us.com/tos-maliva-p-0068/oMbRigAioIK1dIBoSWCPrPIEV6iVBfoAkZA0X4~tplv-tiktokx-origin.image?dr=9636&x-expires=1776852000&x-signature=5gU4Ur%2BmDXbl%2BHNA3fgp1Eo%2FBns%3D&t=4d5b0474&ps=13740610&shp=81f88b70&shcp=43f4a2f9&idc=useast5",,,,,,,,"576","https://www.tiktok.com/@prosperity.media8/video/7527917924888169733"
"https://p16-common-sign.tiktokcdn-us.com/tos-useast5-avt-0068-tx/c5dfe0abf2c61c4504268c30730f3d2d~tplv-tiktokx-cropcenter:720:720.jpeg?dr=9640&refresh_token=586f2d34&x-expires=1776852000&x-signature=8d%2BPCNv%2BNWi85AJ3f1HHk5c8BTo%3D&t=4d5b0474&ps=13740610&shp=a5d48078&shcp=81f88b70&idc=useast5","1800","20000","0","0","72300","7390167548446737450","ephremfuffa","Ephrem Fuffa","https://p16-common-sign.tiktokcdn-us.com/tos-useast5-avt-0068-tx/c5dfe0abf2c61c4504268c30730f3d2d~tplv-tiktokx-cropcenter:720:720.jpeg?dr=9640&refresh_token=586f2d34&x-expires=1776852000&x-signature=8d%2BPCNv%2BNWi85AJ3f1HHk5c8BTo%3D&t=4d5b0474&ps=13740610&shp=a5d48078&shcp=81f88b70&idc=useast5","false","https://www.tiktok.com/@ephremfuffa","🔥 Buy a house with $0 (Really) 💰 Get Paid at closing?  👀 Watch deals happen | Get  $100K+ In Business Credit Cards?  📘 FREE Mentorship — Limited Time!","false","447","582","1763",,"1760999739","2025-10-20T22:35:39.000Z","3515","","1638738865659910","habeshatiktok","","","1661335514860550","ethiopian_tik_tok","","","35771754","habeshagirl","","","85189","ethiopian","","","1618810309345286","habeshamusic","",,,,,,,,,,,,,,,,,,,,,,,,,,,,,,,,,"7563436160480054542","false","false","false","https://p16-common-sign.tiktokcdn-us.com/tos-useast5-avt-0068-tx/c5dfe0abf2c61c4504268c30730f3d2d~tplv-tiktokx-cropcenter:720:720.jpeg?dr=9640&refresh_token=586f2d34&x-expires=1776852000&x-signature=8d%2BPCNv%2BNWi85AJ3f1HHk5c8BTo%3D&t=4d5b0474&ps=13740610&shp=a5d48078&shcp=81f88b70&idc=useast5",,"Ephrem Fuffa","7563436259868216077","original sound - Ephrem Fuffa","true","https://p16-common-sign.tiktokcdn-us.com/tos-useast5-avt-0068-tx/c5dfe0abf2c61c4504268c30730f3d2d~tplv-tiktokx-cropcenter:720:720.jpeg?dr=9640&refresh_token=586f2d34&x-expires=1776852000&x-signature=8d%2BPCNv%2BNWi85AJ3f1HHk5c8BTo%3D&t=4d5b0474&ps=13740610&shp=a5d48078&shcp=81f88b70&idc=useast5","https://v16-webapp-prime.us.tiktok.com/video/tos/useast5/tos-useast5-v-27dcd7-tx/ooDisudUEs8USCeBg2FBfDqJygCiAA1gAqkoE9/?a=1988&bti=ODszNWYuMDE6&ch=0&cr=0&dr=0&er=0&lr=default&cd=0%7C0%7C0%7C0&br=250&bt=125&ds=5&ft=GcAInInz7ThMqzyPXq8Zmo&mime_type=audio_mpeg&qs=13&rc=MzNraXY5cmplNjMzZzU8NEBpMzNraXY5cmplNjMzZzU8NEBpb2FqMmRjZm9hLS1kMS9zYSNpb2FqMmRjZm9hLS1kMS9zcw%3D%3D&btag=e00060000&expire=1776701238&l=2026042010005562596EB0BC18F70D0956&ply_type=3&policy=3&signature=44676912f0ee033aa919420c9bc9fac8&tk=0","143900","0","((""Ethiopia"" OR ""Ethiopian"" OR ""ኢትዮጵያ"" OR ""Abiy Ahmed"" OR ""Prosperity Party"")AND (""2026 election"" OR ""2018 election"" OR ""ምርጫ"" OR ""2018 ምርጫ"" OR ""ballot"" OR ""polling"" OR ""NEBE"" OR ""National Election Board"" OR ""fraud"" OR ""irregularit*"" OR ""protest"" OR ""demonstration"" OR ""clash*"" OR ""arrest"" OR ""detain"" OR ""hate speech"" OR ""incitement"" OR ""ethnic tension"" OR ""tribalism""  OR FANO OR Amhara OR tigray OR ""war"" OR ""conflict"" OR ""militia""))","1540","Abiy Ahmed Ali — hero or controversy? Let’s talk .....Ethiopia’s turning point: Abiy Ahmed. The good, the bad, and the truth ?? 🇪🇹 👀#habeshatiktok #ethiopian_tik_tok #habeshagirl #ethiopian #habeshamusic","en","https://p16-common-sign.tiktokcdn-us.com/tos-useast5-p-0068-tx/oMIDo9AfYuwrCC84ODhDjyAAEDSH2tAEWgfFVu~tplv-tiktokx-origin.image?dr=9636&x-expires=1776852000&x-signature=l1aQLVHPQTw%2BXijgII28cN7yDsY%3D&t=4d5b0474&ps=13740610&shp=81f88b70&shcp=43f4a2f9&idc=useast5","720p","382","mp4","1280","https://p16-common-sign.tiktokcdn-us.com/tos-useast5-p-0068-tx/oMIDo9AfYuwrCC84ODhDjyAAEDSH2tAEWgfFVu~tplv-tiktokx-origin.image?dr=9636&x-expires=1776852000&x-signature=l1aQLVHPQTw%2BXijgII28cN7yDsY%3D&t=4d5b0474&ps=13740610&shp=81f88b70&shcp=43f4a2f9&idc=useast5",,,,,,,,"720","https://www.tiktok.com/@ephremfuffa/video/7563436160480054542"
"https://p16-common-sign.tiktokcdn-us.com/tos-useast5-avt-0068-tx/ea91ab049b5db1d228a7948eadf64c28~tplv-tiktokx-cropcenter:720:720.jpeg?dr=9640&refresh_token=8dfddbcc&x-expires=1776852000&x-signature=UuqyIhpfx2yldRPL9YiXMnUq%2FV4%3D&t=4d5b0474&ps=13740610&shp=a5d48078&shcp=81f88b70&idc=useast5","2494","117300","102","0","3200000","6863425241264866309","somalisnaps","SOMALISNAPS","https://p16-common-sign.tiktokcdn-us.com/tos-useast5-avt-0068-tx/ea91ab049b5db1d228a7948eadf64c28~tplv-tiktokx-cropcenter:720:720.jpeg?dr=9640&refresh_token=8dfddbcc&x-expires=1776852000&x-signature=UuqyIhpfx2yldRPL9YiXMnUq%2FV4%3D&t=4d5b0474&ps=13740610&shp=a5d48078&shcp=81f88b70&idc=useast5","false","https://www.tiktok.com/@somalisnaps","Connecting Nomads 
Follow for more updates 
Click here to follow 👻👇👇","false","478","153","409",,"1730431281","2024-11-01T03:21:21.000Z","1183","","1654794458964998","somalitiktok12","","","108019","somali","","","8244828","mogadishu","","","1735672","somaliland","","","229207","fyp","",,,,,,,,,,,,,,,,,,,,,,,,,,,,,,,,,"7432145735715687726","false","false","false","https://p16-common-sign.tiktokcdn-us.com/tos-useast5-avt-0068-tx/ea91ab049b5db1d228a7948eadf64c28~tplv-tiktokx-cropcenter:720:720.jpeg?dr=9640&refresh_token=8dfddbcc&x-expires=1776852000&x-signature=UuqyIhpfx2yldRPL9YiXMnUq%2FV4%3D&t=4d5b0474&ps=13740610&shp=a5d48078&shcp=81f88b70&idc=useast5",,"SOMALISNAPS","7432145645517146926","original sound","true","https://p16-common-sign.tiktokcdn-us.com/tos-useast5-avt-0068-tx/ea91ab049b5db1d228a7948eadf64c28~tplv-tiktokx-cropcenter:720:720.jpeg?dr=9640&refresh_token=8dfddbcc&x-expires=1776852000&x-signature=UuqyIhpfx2yldRPL9YiXMnUq%2FV4%3D&t=4d5b0474&ps=13740610&shp=a5d48078&shcp=81f88b70&idc=useast5","https://v16-webapp-prime.us.tiktok.com/video/tos/useast5/tos-useast5-v-27dcd7-tx/ocADjknjAkJoE1oUFECBWIIDIgeSJAMBcrflmo/?a=1988&bti=ODszNWYuMDE6&ch=0&cr=0&dr=0&er=0&lr=default&cd=0%7C0%7C0%7C0&br=250&bt=125&ds=5&ft=GcAInInz7ThMqzyPXq8Zmo&mime_type=audio_mpeg&qs=13&rc=M245N245cmc3djMzZzU8NEBpM245N245cmc3djMzZzU8NEA0YGJeMmRjZmZgLS1kMS9zYSM0YGJeMmRjZmZgLS1kMS9zcw%3D%3D&btag=e00048000&expire=1776700903&l=2026042010005562596EB0BC18F70D0956&ply_type=3&policy=3&signature=b6dc78f7adda7fb494cbb640d3cb694c&tk=0","97800","0","((""Ethiopia"" OR ""Ethiopian"" OR ""ኢትዮጵያ"" OR ""Abiy Ahmed"" OR ""Prosperity Party"")AND (""2026 election"" OR ""2018 election"" OR ""ምርጫ"" OR ""2018 ምርጫ"" OR ""ballot"" OR ""polling"" OR ""NEBE"" OR ""National Election Board"" OR ""fraud"" OR ""irregularit*"" OR ""protest"" OR ""demonstration"" OR ""clash*"" OR ""arrest"" OR ""detain"" OR ""hate speech"" OR ""incitement"" OR ""ethnic tension"" OR ""tribalism""  OR FANO OR Amhara OR tigray OR ""war"" OR ""conflict"" OR ""militia""))","188","Abiy o dhahay bada 🌊 xoog ku qaadaneyna 😡😡 #somalitiktok12 #somali #Mogadishu #somaliland #fyp ","so","https://p16-common-sign.tiktokcdn-us.com/tos-useast5-p-0068-tx/os2y8DEIEDgnouJfaSFSkGUfzTkSLEAvDBERB9~tplv-tiktokx-origin.image?dr=9636&x-expires=1776852000&x-signature=E%2F3LwaHXPLFxjz2ijLx5ornvOhc%3D&t=4d5b0474&ps=13740610&shp=81f88b70&shcp=43f4a2f9&idc=useast5","540p","47","mp4","1024","https://p16-common-sign.tiktokcdn-us.com/tos-useast5-p-0068-tx/os2y8DEIEDgnouJfaSFSkGUfzTkSLEAvDBERB9~tplv-tiktokx-origin.image?dr=9636&x-expires=1776852000&x-signature=E%2F3LwaHXPLFxjz2ijLx5ornvOhc%3D&t=4d5b0474&ps=13740610&shp=81f88b70&shcp=43f4a2f9&idc=useast5",,,,,,,,"576","https://www.tiktok.com/@somalisnaps/video/7432145735715687726"
"https://p16-common-sign.tiktokcdn-us.com/tos-maliva-avt-0068/515480b5530f2280ad2651f516031974~tplv-tiktokx-cropcenter:720:720.jpeg?dr=9640&refresh_token=b79e75e6&x-expires=1776852000&x-signature=qXNtXQ9rdLZ7%2FEd%2B09Dw77JFkRk%3D&t=4d5b0474&ps=13740610&shp=a5d48078&shcp=81f88b70&idc=useast5","14","453800","3","0","3500000","7385106018831057926","prosperity.media8","PROSPERITY MEDIA | ብልፅግና ሚዲያ","https://p16-common-sign.tiktokcdn-us.com/tos-maliva-avt-0068/515480b5530f2280ad2651f516031974~tplv-tiktokx-cropcenter:720:720.jpeg?dr=9640&refresh_token=b79e75e6&x-expires=1776852000&x-signature=qXNtXQ9rdLZ7%2FEd%2B09Dw77JFkRk%3D&t=4d5b0474&ps=13740610&shp=a5d48078&shcp=81f88b70&idc=useast5","false","https://www.tiktok.com/@prosperity.media8","MEDIA","false","1718","449","83",,"1753710816","2025-07-28T13:53:36.000Z","3053","","186914","ethiopia","","","1668580069208069","abiyahmedali","","","1064272","eth","","","1643755326672901","abiyahmed","","","1617668300402689","🇪🇹","","","14970103","abiy","","","1292023","prosperity","","","1669503535244293","🇪🇹🇪🇹🇪🇹🇪🇹🇪🇹🇪🇹ኢትዮጵያ","","","1670550253345798","ethiopian_tik_tok🇪🇹🇪🇹🇪🇹🇪🇹","","","1672136305454086","abiyamedali","","","186914","ethiopia","",,,,,,,,,"7532130574572522808","false","false","false","https://p16-common-sign.tiktokcdn-us.com/tos-maliva-avt-0068/515480b5530f2280ad2651f516031974~tplv-tiktokx-cropcenter:720:720.jpeg?dr=9640&refresh_token=b79e75e6&x-expires=1776852000&x-signature=qXNtXQ9rdLZ7%2FEd%2B09Dw77JFkRk%3D&t=4d5b0474&ps=13740610&shp=a5d48078&shcp=81f88b70&idc=useast5",,"PROSPERITY MEDIA | ብልፅግና ሚዲያ","7532130624325503800","original sound","true","https://p16-common-sign.tiktokcdn-us.com/tos-maliva-avt-0068/515480b5530f2280ad2651f516031974~tplv-tiktokx-cropcenter:720:720.jpeg?dr=9640&refresh_token=b79e75e6&x-expires=1776852000&x-signature=qXNtXQ9rdLZ7%2FEd%2B09Dw77JFkRk%3D&t=4d5b0474&ps=13740610&shp=a5d48078&shcp=81f88b70&idc=useast5","https://v16-webapp-prime.us.tiktok.com/video/tos/useast5/tos-useast5-v-27dcd7c799-tx/o8EABig9Aq3fC4QrO0N6BGkHoAEKEAoNB8gsio/?a=1988&bti=ODszNWYuMDE6&ch=0&cr=0&dr=0&er=0&lr=default&cd=0%7C0%7C0%7C0&br=250&bt=125&ds=5&ft=GcAInInz7ThMqzyPXq8Zmo&mime_type=audio_mpeg&qs=13&rc=M2ZwdHI5cnVyNTMzNzU8M0BpM2ZwdHI5cnVyNTMzNzU8M0AwZWVpMmRzLjBhLS1kMTZzYSMwZWVpMmRzLjBhLS1kMTZzcw%3D%3D&btag=e00060000&expire=1776701225&l=2026042010005562596EB0BC18F70D0956&ply_type=3&policy=3&signature=cda7224b7a6c3f8d582c04258461bd5c&tk=0","62000","0","((""Ethiopia"" OR ""Ethiopian"" OR ""ኢትዮጵያ"" OR ""Abiy Ahmed"" OR ""Prosperity Party"")AND (""2026 election"" OR ""2018 election"" OR ""ምርጫ"" OR ""2018 ምርጫ"" OR ""ballot"" OR ""polling"" OR ""NEBE"" OR ""National Election Board"" OR ""fraud"" OR ""irregularit*"" OR ""protest"" OR ""demonstration"" OR ""clash*"" OR ""arrest"" OR ""detain"" OR ""hate speech"" OR ""incitement"" OR ""ethnic tension"" OR ""tribalism""  OR FANO OR Amhara OR tigray OR ""war"" OR ""conflict"" OR ""militia""))","404","#ETHIOPIA #ABIYAHMEDALI #ETH #ABIYAHMED #🇪🇹 #ABIY #PROSPERITY #🇪🇹🇪🇹🇪🇹🇪🇹🇪🇹🇪🇹ኢትዮጵያ #ethiopian_tik_tok🇪🇹🇪🇹🇪🇹🇪🇹 #ABIYAMEDALI #ethiopia ","un","https://p16-common-sign.tiktokcdn-us.com/tos-maliva-p-0068/ocjQ3II5PCuuAAigixtI0HRdUEBaBS5nOPX4U~tplv-tiktokx-origin.image?dr=9636&x-expires=1776852000&x-signature=861AmCPAE4fXfGSDeSPJWB45Bc4%3D&t=4d5b0474&ps=13740610&shp=81f88b70&shcp=43f4a2f9&idc=useast5","540p","369","mp4","1024","https://p16-common-sign.tiktokcdn-us.com/tos-maliva-p-0068/ocjQ3II5PCuuAAigixtI0HRdUEBaBS5nOPX4U~tplv-tiktokx-origin.image?dr=9636&x-expires=1776852000&x-signature=861AmCPAE4fXfGSDeSPJWB45Bc4%3D&t=4d5b0474&ps=13740610&shp=81f88b70&shcp=43f4a2f9&idc=useast5",,,,,,,,"576","https://www.tiktok.com/@prosperity.media8/video/7532130574572522808"
"https://p16-common-sign.tiktokcdn-us.com/tos-alisg-avt-0068/ab5e2b112d8905371b8f4f2bbe72f625~tplv-tiktokx-cropcenter:720:720.jpeg?dr=9640&refresh_token=240c86ff&x-expires=1776852000&x-signature=zCac%2Fr7PWu%2BgaDORJ1nLtaK2ahk%3D&t=4d5b0474&ps=13740610&shp=a5d48078&shcp=81f88b70&idc=useast5","98000","131200","99","0","2600000","6962882137167102982","amanidube1","Amani Dube 🇿🇦","https://p16-common-sign.tiktokcdn-us.com/tos-alisg-avt-0068/ab5e2b112d8905371b8f4f2bbe72f625~tplv-tiktokx-cropcenter:720:720.jpeg?dr=9640&refresh_token=240c86ff&x-expires=1776852000&x-signature=zCac%2Fr7PWu%2BgaDORJ1nLtaK2ahk%3D&t=4d5b0474&ps=13740610&shp=a5d48078&shcp=81f88b70&idc=useast5","false","https://www.tiktok.com/@amanidube1","🇿🇦🌍 macroeconomics & geopolitics simplified🌏
📨: amani@inclusiveeconomysa.org.za","false","534","56","110",,"1720520978","2024-07-09T10:29:38.000Z","927","","80706893","currentaffairs","","","1604483665006598","geopolitics","","","186914","ethiopia","","","1643755326672901","abiyahmed","","","1608862861513730","africantiktok","",,,,,,,,,,,,,,,,,,,,,,,,,,,,,,,,,"7389581321829354758","false","false","false","https://p16-common-sign.tiktokcdn-us.com/tos-alisg-avt-0068/ab5e2b112d8905371b8f4f2bbe72f625~tplv-tiktokx-cropcenter:720:720.jpeg?dr=9640&refresh_token=240c86ff&x-expires=1776852000&x-signature=zCac%2Fr7PWu%2BgaDORJ1nLtaK2ahk%3D&t=4d5b0474&ps=13740610&shp=a5d48078&shcp=81f88b70&idc=useast5",,"Amani Dube 🇿🇦","7389581349045144325","original sound","true","https://p16-common-sign.tiktokcdn-us.com/tos-alisg-avt-0068/ab5e2b112d8905371b8f4f2bbe72f625~tplv-tiktokx-cropcenter:720:720.jpeg?dr=9640&refresh_token=240c86ff&x-expires=1776852000&x-signature=zCac%2Fr7PWu%2BgaDORJ1nLtaK2ahk%3D&t=4d5b0474&ps=13740610&shp=a5d48078&shcp=81f88b70&idc=useast5","https://v16-webapp-prime.us.tiktok.com/video/tos/useast5/tos-useast5-v-27dcd7c799-tx/ooSEiKUACiZ3BqiFRZlGAER0EQGASPP6CAN4o/?a=1988&bti=ODszNWYuMDE6&ch=0&cr=0&dr=0&er=0&lr=default&cd=0%7C0%7C0%7C0&br=250&bt=125&ds=5&ft=GcAInInz7ThMqzyPXq8Zmo&mime_type=audio_mpeg&qs=13&rc=amQ7a3E5cjlrdDMzNzU8M0BpamQ7a3E5cjlrdDMzNzU8M0BgX2U0MmQ0LzNgLS1kMTZzYSNgX2U0MmQ0LzNgLS1kMTZzcw%3D%3D&btag=e00058000&expire=1776701072&l=2026042010005562596EB0BC18F70D0956&ply_type=3&policy=3&signature=b47a711d041ed5fb5ba1624ca4ab8d2a&tk=0","9726","0","((""Ethiopia"" OR ""Ethiopian"" OR ""ኢትዮጵያ"" OR ""Abiy Ahmed"" OR ""Prosperity Party"")AND (""2026 election"" OR ""2018 election"" OR ""ምርጫ"" OR ""2018 ምርጫ"" OR ""ballot"" OR ""polling"" OR ""NEBE"" OR ""National Election Board"" OR ""fraud"" OR ""irregularit*"" OR ""protest"" OR ""demonstration"" OR ""clash*"" OR ""arrest"" OR ""detain"" OR ""hate speech"" OR ""incitement"" OR ""ethnic tension"" OR ""tribalism""  OR FANO OR Amhara OR tigray OR ""war"" OR ""conflict"" OR ""militia""))","8","Prime minster Abiy Ahmed builds himself a palace in the midst of Ethiopia civil wars and inflation. 

#currentaffairs #geopolitics #ethiopia #abiyahmed #africantiktok ","en","https://p16-common-sign.tiktokcdn-us.com/tos-maliva-p-0068/0c6a5a3c51a946a3af430428d3a7ec4b_1720520981~tplv-tiktokx-origin.image?dr=9636&x-expires=1776852000&x-signature=EpD7jGlAoCLRCEc5Tqc07qCtbXQ%3D&t=4d5b0474&ps=13740610&shp=81f88b70&shcp=43f4a2f9&idc=useast5","480p","216","mp4","786","https://p16-common-sign.tiktokcdn-us.com/tos-maliva-p-0068/0c6a5a3c51a946a3af430428d3a7ec4b_1720520981~tplv-tiktokx-origin.image?dr=9636&x-expires=1776852000&x-signature=EpD7jGlAoCLRCEc5Tqc07qCtbXQ%3D&t=4d5b0474&ps=13740610&shp=81f88b70&shcp=43f4a2f9&idc=useast5","https://v16m-webapp.tiktokcdn-us.com/f0275ea938359f35735d899f87a5823d/69e89d30/video/tos/useast2a/tos-useast2a-v-0068/b977b2ad235a46bf959fa0f65d39e4ab/?a=1988&bti=ODszNWYuMDE6&&bt=193&ft=4KLMeMzm8Zmo0NjZvx4jVrLrdpWrKsd.&mime_type=video_mp4&rc=andyd3Y5cnBqdDMzNzczM0Bpandyd3Y5cnBqdDMzNzczM0BmL2lmMmRzczNgLS1kMTZzYSNmL2lmMmRzczNgLS1kMTZzcw%3D%3D&l=2026042010005562596EB0BC18F70D0956&btag=e00058000","eng-US","ASR","automatic speech recognition","https://v16m-webapp.tiktokcdn-us.com/f0275ea938359f35735d899f87a5823d/69e89d30/video/tos/useast2a/tos-useast2a-v-0068/b977b2ad235a46bf959fa0f65d39e4ab/?a=1988&bti=ODszNWYuMDE6&&bt=193&ft=4KLMeMzm8Zmo0NjZvx4jVrLrdpWrKsd.&mime_type=video_mp4&rc=andyd3Y5cnBqdDMzNzczM0Bpandyd3Y5cnBqdDMzNzczM0BmL2lmMmRzczNgLS1kMTZzYSNmL2lmMmRzczNgLS1kMTZzcw%3D%3D&l=2026042010005562596EB0BC18F70D0956&btag=e00058000","1:big_caption",,"480","https://www.tiktok.com/@amanidube1/video/7389581321829354758"
